{
    "entity.ghast.warn": {
        "sounds": [
            {"name":"mob/ghast/charge", "volume":1.0}
        ],
        "subtitle": "subtitles.entity.ghast.shoot"
    },
    "entity.enderman.scream": {
        "sounds": [
            {"name":"mob/endermen/scream1", "volume":1.0},
            {"name":"mob/endermen/scream2", "volume":1.0},
            {"name":"mob/endermen/scream3", "volume":1.0},
            {"name":"mob/endermen/scream4", "volume":1.0}
        ],
        "subtitle": "subtitles.entity.enderman.ambient"
    },
    "entity.player.big_fall": {
        "sounds": [
            {"name":"damage/fallbig", "volume":1.0}
        ],
        "subtitle": "subtitles.entity.generic.big_fall"
    },
    "entity.player.small_fall": {
        "sounds": [
            {"name":"damage/fallsmall", "volume":1.0}
        ],
        "subtitle": "subtitles.entity.generic.small_fall"
    }
}
